id;first_name;last_name;email;phone_number
1;Leonard;Murphy;Tiana_Schamberger@gmail.com;untidy if illusion
2;Ruth;Dietrich;Roberta.Morissette-Beahan5@gmail.com;doting integer
3;Else;Hoppe;Viola_Kuhlman@gmail.com;like
4;Branson;Bernier;Dina.Emard17@hotmail.com;emboss
5;Electa;Schmidt;Mariane.Boehm@hotmail.com;yuck
6;Kaelyn;Kemmer;Toy4@gmail.com;remand fooey whoever
7;Mable;Kertzmann;Malika74@yahoo.com;lest while modulo
8;Breanna;Brekke;Kyler.Hilpert@gmail.com;grade cool
9;Adonis;Watsica;Dean.OKeefe16@gmail.com;before smoothly lest
10;Estella;Swaniawski;Bernard_Schuster@yahoo.com;sure-footed mild squirm
